names,links,characters
Jusu Yarmah,https://www.linkedin.com/in/jusu-yarmah-48789319,nan
Kimmia Azampanah,https://www.linkedin.com/in/kimmia-azampanah-7114ba15a,nan
Pedro Rumayor,https://www.linkedin.com/in/pedrokuijt,nan
Anton Bussink,https://www.linkedin.com/in/antonbussink,nan
Alex Ras,https://www.linkedin.com/in/alex-ras-8ba033b%3Ftrk%3Dseokp-title_posts_secondary_cluster_res_author_photo,nan
Osman Kabba,https://www.linkedin.com/in/osman-kabba-81858a45,nan
Isaac Lansana,https://www.linkedin.com/in/isaac-lansana-61484910b,nan
Jonathan Nunes,https://www.linkedin.com/in/jonathan-vas-nunes-603144b4,nan
William Clarkson,https://www.linkedin.com/in/william-v-o-clarkson-b799b117,nan
